<?xml version="1.0" encoding="UTF-8"?>
<project-private xmlns="http://www.netbeans.org/ns/project-private/1">
    <editor-bookmarks xmlns="http://www.netbeans.org/ns/editor-bookmarks/2" lastBookmarkId="0"/>
    <open-files xmlns="http://www.netbeans.org/ns/projectui-open-files/2">
        <group>
            <file>file:/D:/xampp/htdocs/diecastlestore/resources/views/example/tables.html</file>
            <file>file:/D:/xampp/htdocs/diecastlestore/resources/views/layouts/app.blade.php</file>
            <file>file:/D:/xampp/htdocs/diecastlestore/app/Http/Controllers/Home.php</file>
            <file>file:/D:/xampp/htdocs/diecastlestore/resources/views/home.blade.php</file>
            <file>file:/D:/xampp/htdocs/diecastlestore/routes/web.php</file>
        </group>
    </open-files>
</project-private>
